name,gender,phone,email,address
Bethanne,F,296-310-3384,bcampion0@zimbio.com,62 Brickson Park Center
Barri,M,381-448-3947,blagde1@businessweek.com,24 Katie Circle
Deborah,F,919-845-8942,dthreadgold2@etsy.com,58548 Charing Cross Center
Doreen,F,632-590-3540,dfulcher3@wordpress.org,87477 Mitchell Center
Bernadine,F,263-927-1587,bduke4@stumbleupon.com,5493 Hansons Way
Augy,M,913-817-3354,abrockley5@g.co,1853 Eagan Alley
Darice,F,106-833-2482,dvanderplas6@alexa.com,7 Bartillon Street
Miranda,F,878-277-8773,mdignum7@123-reg.co.uk,10 La Follette Road
Weston,M,905-422-8980,warntzen8@mysql.com,05 Fisk Center
Bethena,F,591-964-0324,bsymones9@yolasite.com,28 Northwestern Junction
Mike,M,554-166-8013,mpentecosta@bbc.co.uk,9 Briar Crest Terrace
Fiona,F,288-443-5064,fcostinb@jigsy.com,197 Sundown Alley
Olivie,F,513-870-6055,ogallahuec@liveinternet.ru,285 Rowland Center
Lancelot,M,146-944-3141,lfranchionid@upenn.edu,18143 Arkansas Lane
Melodee,F,873-301-3646,mhubbersteye@icq.com,21821 Armistice Avenue
Ashton,M,387-579-9228,ahuertaf@squarespace.com,95098 Declaration Plaza
Mildred,F,171-335-2875,mevittg@huffingtonpost.com,44026 Hanson Place
Aleta,F,220-290-4110,akeggh@hubpages.com,2 Arizona Way
Zachery,M,851-194-2788,zauchterlonyi@discuz.net,266 Waxwing Plaza
Bill,F,705-153-1040,bmccutcheonj@digg.com,9745 Summit Court
Bobbi,F,629-495-0768,bcoronak@ucsd.edu,8757 Pennsylvania Trail
Dimitri,M,110-826-4059,dladloel@dedecms.com,80188 Prentice Drive
Madalena,F,709-374-3894,mclericoatesm@people.com.cn,0 Southridge Center
Stefano,M,342-527-9213,srarityn@msn.com,370 Ohio Hill
Bette-ann,F,203-993-0416,bmceweno@netscape.com,115 Oneill Crossing
Neill,M,652-835-0945,nputtenp@addthis.com,100 Talisman Road
Fonsie,M,786-631-5972,fhaileq@booking.com,909 Moland Terrace
Tamiko,F,570-390-4237,tchaffer@elpais.com,6541 Artisan Street
Zebulen,M,719-200-7673,zbonnettes@apache.org,3 Hoffman Terrace
Lotte,F,595-356-3191,lchorltont@odnoklassniki.ru,3641 Erie Way
