name,amount,price,description,category_id
Chef Hat 20cm,58,22401,sagittis nam congue risus semper porta volutpat quam pede lobortis ligula sit,2
Island Oasis - Strawberry,67,38824,faucibus cursus urna ut tellus nulla ut erat id mauris vulputate elementum nullam varius nulla facilisi cras non velit nec,4
Clams - Bay,26,87994,lorem vitae mattis nibh ligula nec sem duis aliquam convallis nunc proin at turpis,3
Pork - Suckling Pig,78,58633,vitae mattis nibh ligula nec sem duis aliquam convallis nunc proin at turpis a pede,2
"Cheese - Brie, Triple Creme",22,26098,massa id nisl venenatis lacinia aenean sit amet justo morbi ut,3
Lettuce - Boston Bib,2,18091,nulla sed vel enim sit amet nunc viverra dapibus nulla suscipit ligula in lacus curabitur at ipsum,2
Beef - Tenderloin - Aa,35,97496,tempus sit amet sem fusce consequat nulla nisl nunc nisl duis bibendum felis sed interdum venenatis turpis,4
Beef - Kobe Striploin,39,3871,maecenas ut massa quis augue luctus tincidunt nulla mollis molestie lorem quisque ut,2
Tea - English Breakfast,7,64406,sit amet turpis elementum ligula vehicula consequat morbi a ipsum integer a nibh in quis justo maecenas,1
Quiche Assorted,31,89640,sit amet lobortis sapien sapien non mi integer ac neque duis bibendum morbi,1
"Marsala - Sperone, Fine, D.o.c.",90,51455,justo in blandit ultrices enim lorem ipsum dolor sit amet consectetuer adipiscing elit,4
"Shrimp - Baby, Cold Water",90,12545,quis odio consequat varius integer ac leo pellentesque ultrices mattis odio donec vitae nisi nam ultrices,4
Pork - Smoked Kassler,73,81653,erat tortor sollicitudin mi sit amet lobortis sapien sapien non mi integer ac neque duis bibendum morbi non quam,3
"Soup - Knorr, Chicken Noodle",99,84493,ac lobortis vel dapibus at diam nam tristique tortor eu,4
Cake - Dulce De Leche,95,37295,erat eros viverra eget congue eget semper rutrum nulla nunc purus phasellus in felis donec semper sapien a libero nam,3
"Wine - Red, Mouton Cadet",21,73856,vel ipsum praesent blandit lacinia erat vestibulum sed magna at nunc commodo,2
"Quail - Whole, Bone - In",23,15746,dictumst aliquam augue quam sollicitudin vitae consectetuer eget rutrum at,4
Chinese Foods - Cantonese,33,56804,velit eu est congue elementum in hac habitasse platea dictumst morbi vestibulum velit id pretium iaculis diam,2
Sprouts - Alfalfa,30,10186,quis tortor id nulla ultrices aliquet maecenas leo odio condimentum id luctus,3
Rappini - Andy Boy,60,15190,magna ac consequat metus sapien ut nunc vestibulum ante ipsum primis in faucibus orci luctus,4
Soup - Campbells Chili,77,78204,nulla ultrices aliquet maecenas leo odio condimentum id luctus nec molestie sed justo pellentesque viverra pede ac diam cras,1
Wine - Magnotta - Pinot Gris Sr,41,88790,rutrum rutrum neque aenean auctor gravida sem praesent id massa,3
The Pop Shoppe - Lime Rickey,38,37269,pellentesque volutpat dui maecenas tristique est et tempus semper est quam pharetra magna,3
Cranberries - Frozen,24,7337,vestibulum sit amet cursus id turpis integer aliquet massa id,1
Nougat - Paste / Cream,38,37457,nunc proin at turpis a pede posuere nonummy integer non velit,4
Cheese - Brie Roitelet,49,9098,hac habitasse platea dictumst maecenas ut massa quis augue luctus tincidunt,1
"Chicken - White Meat, No Tender",87,29948,praesent blandit nam nulla integer pede justo lacinia eget tincidunt eget,3
"Pork - Sausage, Medium",91,97435,consequat metus sapien ut nunc vestibulum ante ipsum primis in faucibus orci luctus,1
Mix - Cappucino Cocktail,96,58021,ultricies eu nibh quisque id justo sit amet sapien dignissim vestibulum vestibulum ante ipsum primis,1
Bread - Burger,64,35662,felis sed lacus morbi sem mauris laoreet ut rhoncus aliquet,3
Turnip - Mini,80,27956,justo pellentesque viverra pede ac diam cras pellentesque volutpat dui,2
Coffee Beans - Chocolate,5,53804,sapien arcu sed augue aliquam erat volutpat in congue etiam,1
Flavouring - Raspberry,5,40205,sapien quis libero nullam sit amet turpis elementum ligula vehicula consequat morbi a ipsum,3
Sauce Bbq Smokey,84,25603,ligula sit amet eleifend pede libero quis orci nullam molestie nibh in lectus pellentesque at nulla,2
Soup - Campbells Beef Noodle,91,64306,ut rhoncus aliquet pulvinar sed nisl nunc rhoncus dui vel sem sed sagittis nam,1
Onions - Spanish,9,96177,cubilia curae nulla dapibus dolor vel est donec odio justo sollicitudin ut,3
Creme De Cacao White,49,23596,blandit ultrices enim lorem ipsum dolor sit amet consectetuer adipiscing,1
Wine - Alsace Gewurztraminer,62,70761,ultrices posuere cubilia curae nulla dapibus dolor vel est donec odio justo sollicitudin ut suscipit a feugiat et,1
Longos - Penne With Pesto,81,62117,sed ante vivamus tortor duis mattis egestas metus aenean fermentum donec ut mauris eget massa,1
Numi - Assorted Teas,44,78084,odio consequat varius integer ac leo pellentesque ultrices mattis odio donec vitae nisi nam ultrices libero non mattis pulvinar nulla,1
Wine - Placido Pinot Grigo,11,94620,odio donec vitae nisi nam ultrices libero non mattis pulvinar nulla,4
"Wine - White, Chardonnay",80,24755,in imperdiet et commodo vulputate justo in blandit ultrices enim lorem ipsum dolor sit amet consectetuer adipiscing,3
Tea - Orange Pekoe,79,73228,viverra eget congue eget semper rutrum nulla nunc purus phasellus in felis donec semper sapien a libero nam dui,2
Veal - Provimi Inside,32,50955,elit ac nulla sed vel enim sit amet nunc viverra dapibus nulla suscipit ligula in lacus curabitur at ipsum,3
Sausage - Liver,43,91798,ipsum praesent blandit lacinia erat vestibulum sed magna at nunc commodo placerat praesent,3
Onions - Red,27,77389,vestibulum ante ipsum primis in faucibus orci luctus et ultrices posuere cubilia curae mauris,4
"Vodka - Hot, Lnferno",65,87741,odio condimentum id luctus nec molestie sed justo pellentesque viverra pede ac diam cras pellentesque volutpat dui,4
Numi - Assorted Teas,30,48897,in quis justo maecenas rhoncus aliquam lacus morbi quis tortor id nulla ultrices aliquet maecenas leo odio condimentum,2
"Veal - Inside, Choice",69,3237,vitae mattis nibh ligula nec sem duis aliquam convallis nunc proin at turpis a pede posuere nonummy integer,2
Snapple - Iced Tea Peach,28,35651,magna at nunc commodo placerat praesent blandit nam nulla integer pede justo lacinia eget tincidunt eget tempus vel,1
"Beans - Fava, Canned",9,59220,nulla integer pede justo lacinia eget tincidunt eget tempus vel pede morbi porttitor lorem id,1
Leeks - Large,41,20831,nullam orci pede venenatis non sodales sed tincidunt eu felis fusce,4
Onions - Cooking,60,61441,ac lobortis vel dapibus at diam nam tristique tortor eu,3
Cookie Dough - Chocolate Chip,67,78466,iaculis justo in hac habitasse platea dictumst etiam faucibus cursus urna ut tellus,4
Cucumber - English,37,88895,amet erat nulla tempus vivamus in felis eu sapien cursus vestibulum proin eu mi nulla ac enim in tempor,1
"Red Snapper - Fresh, Whole",85,26314,porttitor lacus at turpis donec posuere metus vitae ipsum aliquam non mauris morbi non lectus,1
Curry Paste - Green Masala,52,56043,enim leo rhoncus sed vestibulum sit amet cursus id turpis integer aliquet massa id lobortis convallis,4
Beans - Yellow,18,799,praesent lectus vestibulum quam sapien varius ut blandit non interdum in,3
Table Cloth 120 Round White,93,35569,pede lobortis ligula sit amet eleifend pede libero quis orci nullam molestie nibh in lectus,3
Coffee - Hazelnut Cream,93,76279,vulputate nonummy maecenas tincidunt lacus at velit vivamus vel nulla eget eros elementum pellentesque quisque porta volutpat,2
Ecolab - Medallion,45,10477,erat nulla tempus vivamus in felis eu sapien cursus vestibulum proin eu,1
"Soup - Cream Of Broccoli, Dry",19,88474,in blandit ultrices enim lorem ipsum dolor sit amet consectetuer adipiscing elit proin interdum mauris,2
"Cheese - Cheddar, Old White",76,21019,dolor morbi vel lectus in quam fringilla rhoncus mauris enim leo,1
Veal - Inside,7,54467,purus eu magna vulputate luctus cum sociis natoque penatibus et magnis dis parturient,1
Toamtoes 6x7 Select,18,62063,lobortis sapien sapien non mi integer ac neque duis bibendum morbi non quam nec dui luctus rutrum nulla tellus,2
Artichokes - Jerusalem,50,50466,pretium nisl ut volutpat sapien arcu sed augue aliquam erat volutpat in congue,2
Limes,69,82083,non mattis pulvinar nulla pede ullamcorper augue a suscipit nulla elit ac nulla,2
"Tomatoes - Vine Ripe, Yellow",81,61558,praesent blandit lacinia erat vestibulum sed magna at nunc commodo placerat praesent blandit nam nulla,1
"Nut - Peanut, Roasted",47,14842,hac habitasse platea dictumst aliquam augue quam sollicitudin vitae consectetuer eget rutrum at lorem,1
"Wine - White, Pinot Grigio",56,96102,tortor quis turpis sed ante vivamus tortor duis mattis egestas metus aenean,2
Numi - Assorted Teas,48,93491,ullamcorper purus sit amet nulla quisque arcu libero rutrum ac lobortis vel dapibus,4
Muffin - Bran Ind Wrpd,57,38407,amet justo morbi ut odio cras mi pede malesuada in imperdiet et commodo vulputate justo in blandit,4
Marjoram - Fresh,6,43999,ultrices phasellus id sapien in sapien iaculis congue vivamus metus arcu adipiscing molestie hendrerit at,4
"Vodka - Hot, Lnferno",18,98708,integer aliquet massa id lobortis convallis tortor risus dapibus augue vel accumsan tellus nisi,3
Mace Ground,11,41496,consequat metus sapien ut nunc vestibulum ante ipsum primis in faucibus orci luctus,3
Mikes Hard Lemonade,99,46524,vulputate vitae nisl aenean lectus pellentesque eget nunc donec quis orci eget orci vehicula condimentum curabitur,1
"Chicken - White Meat, No Tender",2,2138,vel pede morbi porttitor lorem id ligula suspendisse ornare consequat lectus in est risus auctor sed tristique,3
Rhubarb,46,25821,fusce consequat nulla nisl nunc nisl duis bibendum felis sed interdum venenatis turpis enim blandit mi in porttitor,2
"Chocolate - Pistoles, White",31,23239,scelerisque mauris sit amet eros suspendisse accumsan tortor quis turpis sed,2
"Soup - Knorr, Chicken Noodle",41,75655,eget elit sodales scelerisque mauris sit amet eros suspendisse accumsan tortor quis turpis sed ante vivamus tortor duis,4
"Wine - Bourgogne 2002, La",80,51229,cras non velit nec nisi vulputate nonummy maecenas tincidunt lacus at velit vivamus,1
"Vodka - Hot, Lnferno",97,92714,diam vitae quam suspendisse potenti nullam porttitor lacus at turpis donec posuere metus vitae ipsum aliquam non mauris morbi non,1
Pork Loin Cutlets,33,47522,pede justo eu massa donec dapibus duis at velit eu est congue,2
Bread Base - Gold Formel,47,1707,nec condimentum neque sapien placerat ante nulla justo aliquam quis turpis eget elit sodales scelerisque mauris sit amet eros suspendisse,1
Sobe - Green Tea,29,30031,massa donec dapibus duis at velit eu est congue elementum in hac habitasse platea dictumst,3
Meldea Green Tea Liquor,83,63015,ultrices mattis odio donec vitae nisi nam ultrices libero non mattis pulvinar nulla pede ullamcorper augue a suscipit nulla,3
Lamb - Whole Head Off,73,36618,diam vitae quam suspendisse potenti nullam porttitor lacus at turpis donec posuere metus vitae ipsum aliquam non,4
Chocolate Liqueur - Godet White,76,87612,sapien varius ut blandit non interdum in ante vestibulum ante ipsum primis in faucibus orci luctus et ultrices,4
Wine - Riesling Alsace Ac 2001,15,84362,odio cras mi pede malesuada in imperdiet et commodo vulputate justo in blandit ultrices enim lorem,2
Wine - Pinot Noir Stoneleigh,97,29205,eu orci mauris lacinia sapien quis libero nullam sit amet turpis elementum ligula vehicula consequat morbi a,3
Couscous,24,90657,adipiscing molestie hendrerit at vulputate vitae nisl aenean lectus pellentesque eget nunc donec quis orci eget orci vehicula,2
Cup - 8oz Coffee Perforated,29,60187,diam id ornare imperdiet sapien urna pretium nisl ut volutpat sapien arcu sed augue aliquam,1
"Oil - Truffle, White",84,86273,duis at velit eu est congue elementum in hac habitasse platea dictumst morbi vestibulum velit id pretium iaculis,3
Tart - Lemon,39,337,risus dapibus augue vel accumsan tellus nisi eu orci mauris lacinia sapien quis libero nullam sit amet,2
Burger Veggie,91,68941,tortor sollicitudin mi sit amet lobortis sapien sapien non mi integer ac neque duis bibendum morbi,1
Wine - Vineland Estate Semi - Dry,46,22730,fusce consequat nulla nisl nunc nisl duis bibendum felis sed interdum venenatis turpis enim blandit mi,4
Onions - Cooking,98,50327,accumsan odio curabitur convallis duis consequat dui nec nisi volutpat eleifend,4
"Chilli Paste, Hot Sambal Oelek",8,44342,eget eros elementum pellentesque quisque porta volutpat erat quisque erat eros viverra,3
Nantucket - Carrot Orange,63,82989,sapien dignissim vestibulum vestibulum ante ipsum primis in faucibus orci,1
Flour - Fast / Rapid,60,93824,dolor quis odio consequat varius integer ac leo pellentesque ultrices mattis odio donec vitae,4
Honey - Lavender,55,78203,suspendisse accumsan tortor quis turpis sed ante vivamus tortor duis,2
Wine - Chateau Bonnet,41,32582,elementum pellentesque quisque porta volutpat erat quisque erat eros viverra eget congue eget semper rutrum nulla nunc purus phasellus in,3
Chocolate - Unsweetened,80,90811,in hac habitasse platea dictumst aliquam augue quam sollicitudin vitae consectetuer eget rutrum at lorem integer tincidunt ante vel ipsum,2
Wine - Blue Nun Qualitatswein,94,80654,sit amet justo morbi ut odio cras mi pede malesuada in imperdiet et commodo vulputate justo,3
Arctic Char - Fillets,88,24762,pellentesque ultrices mattis odio donec vitae nisi nam ultrices libero non mattis,3
Beer - Guiness,39,330,velit eu est congue elementum in hac habitasse platea dictumst morbi vestibulum velit id pretium iaculis diam erat fermentum justo,4
Cheese - Gouda,84,55824,felis fusce posuere felis sed lacus morbi sem mauris laoreet ut rhoncus,1
Lychee,21,68812,nec nisi vulputate nonummy maecenas tincidunt lacus at velit vivamus vel nulla eget,2
Walkers Special Old Whiskey,27,39897,arcu adipiscing molestie hendrerit at vulputate vitae nisl aenean lectus pellentesque eget nunc donec quis orci eget orci vehicula condimentum,2
Tahini Paste,27,82440,risus praesent lectus vestibulum quam sapien varius ut blandit non,2
"Chicken - Base, Ultimate",6,89378,cubilia curae nulla dapibus dolor vel est donec odio justo sollicitudin ut,1
Table Cloth 53x53 White,23,95770,penatibus et magnis dis parturient montes nascetur ridiculus mus etiam vel augue vestibulum rutrum rutrum neque aenean auctor,4
Lamb Shoulder Boneless Nz,78,89693,nibh ligula nec sem duis aliquam convallis nunc proin at turpis a pede posuere nonummy integer,3
Muffin Mix - Lemon Cranberry,10,21547,varius nulla facilisi cras non velit nec nisi vulputate nonummy maecenas tincidunt lacus at velit vivamus,3
Wine - Spumante Bambino White,35,82395,proin interdum mauris non ligula pellentesque ultrices phasellus id sapien in sapien,3
"Salmon - Whole, 4 - 6 Pounds",35,72292,leo odio condimentum id luctus nec molestie sed justo pellentesque viverra pede ac diam,4
Rabbit - Frozen,42,51947,metus sapien ut nunc vestibulum ante ipsum primis in faucibus orci luctus et ultrices posuere cubilia curae,4
Cardamon Seed / Pod,59,40815,iaculis diam erat fermentum justo nec condimentum neque sapien placerat ante nulla,4
Tia Maria,100,16769,mollis molestie lorem quisque ut erat curabitur gravida nisi at,3
Sachet,25,63997,at dolor quis odio consequat varius integer ac leo pellentesque ultrices mattis odio donec vitae nisi nam,2
Wine - Cave Springs Dry Riesling,63,6318,ante nulla justo aliquam quis turpis eget elit sodales scelerisque,2
"Wine - Bourgogne 2002, La",6,56115,lectus aliquam sit amet diam in magna bibendum imperdiet nullam orci pede venenatis non sodales sed tincidunt eu felis fusce,1
Flounder - Fresh,85,90639,turpis elementum ligula vehicula consequat morbi a ipsum integer a nibh,3
"Cheese - Cheddar, Old White",11,5310,pulvinar nulla pede ullamcorper augue a suscipit nulla elit ac nulla sed vel enim sit,4
Shrimp - Black Tiger 13/15,59,71184,dolor quis odio consequat varius integer ac leo pellentesque ultrices,3
Kumquat,14,86858,pellentesque at nulla suspendisse potenti cras in purus eu magna vulputate luctus cum sociis natoque penatibus et magnis,1
Coffee Cup 16oz Foam,30,43147,sem praesent id massa id nisl venenatis lacinia aenean sit,3
Roe - White Fish,73,84938,augue luctus tincidunt nulla mollis molestie lorem quisque ut erat curabitur,3
Beef - Sushi Flat Iron Steak,56,62753,nec euismod scelerisque quam turpis adipiscing lorem vitae mattis nibh ligula nec sem duis aliquam,2
Crush - Cream Soda,24,3836,sem sed sagittis nam congue risus semper porta volutpat quam pede lobortis ligula sit amet,2
Olives - Nicoise,90,19580,vestibulum ac est lacinia nisi venenatis tristique fusce congue diam id ornare imperdiet,1
Wine - Remy Pannier Rose,64,20475,viverra pede ac diam cras pellentesque volutpat dui maecenas tristique,1
Bay Leaf Ground,7,34520,in sapien iaculis congue vivamus metus arcu adipiscing molestie hendrerit at vulputate vitae,3
"Beans - Kidney, Red Dry",96,31959,nulla integer pede justo lacinia eget tincidunt eget tempus vel pede morbi porttitor lorem id ligula suspendisse ornare,1
Cheese - Fontina,98,27691,proin at turpis a pede posuere nonummy integer non velit donec diam neque vestibulum eget vulputate ut ultrices,2
Blueberries - Frozen,88,20927,orci luctus et ultrices posuere cubilia curae mauris viverra diam vitae quam suspendisse,1
Hold Up Tool Storage Rack,100,71812,felis sed interdum venenatis turpis enim blandit mi in porttitor pede justo eu massa donec,3
Sorrel - Fresh,25,90831,eget semper rutrum nulla nunc purus phasellus in felis donec semper sapien a libero,1
Sobe - Tropical Energy,31,55079,sed accumsan felis ut at dolor quis odio consequat varius integer ac leo,4
Lid Coffee Cup 8oz Blk,70,44886,at dolor quis odio consequat varius integer ac leo pellentesque,1
Potatoes - Mini White 3 Oz,6,98663,rhoncus dui vel sem sed sagittis nam congue risus semper porta volutpat quam pede lobortis ligula sit,4
Rice - Long Grain,97,57109,non lectus aliquam sit amet diam in magna bibendum imperdiet nullam orci,4
Leeks - Large,49,89906,orci pede venenatis non sodales sed tincidunt eu felis fusce posuere felis sed lacus morbi,2
Mountain Dew,95,8901,lacinia nisi venenatis tristique fusce congue diam id ornare imperdiet sapien urna pretium,4
Oneshot Automatic Soap System,34,92178,risus dapibus augue vel accumsan tellus nisi eu orci mauris lacinia sapien quis,2
"Mushroom - Enoki, Fresh",11,87695,suspendisse potenti nullam porttitor lacus at turpis donec posuere metus vitae ipsum aliquam non mauris morbi,2
"Extract - Vanilla,artificial",48,38603,justo in hac habitasse platea dictumst etiam faucibus cursus urna ut,1
Mushroom - Chanterelle Frozen,100,89089,nunc viverra dapibus nulla suscipit ligula in lacus curabitur at ipsum ac tellus,1
Appetizer - Escargot Puff,73,85863,tincidunt ante vel ipsum praesent blandit lacinia erat vestibulum sed magna at nunc commodo placerat praesent,1
Browning Caramel Glace,90,60830,in quam fringilla rhoncus mauris enim leo rhoncus sed vestibulum sit amet cursus id turpis integer aliquet massa,3
